{
  "application_name": {
    "searchPatterns": [
      "cloudfoundry:$.application_name",
      "env:K_SERVICE"
    ]
  },
  "cloudant_apikey": {
    "searchPatterns": [
      "cloudfoundry:$['cloudantNoSQLDB'][0].credentials.apikey",
      "file:/server/localdev-config.json:$.cloudant_apikey"
    ]
  },
  "cloudant_host": {
    "searchPatterns": [
      "cloudfoundry:$['cloudantNoSQLDB'][0].credentials.host",
      "file:/server/localdev-config.json:$.cloudant_host"
    ]
  },
  "cloudant_iam_apikey_description": {
    "searchPatterns": [
      "cloudfoundry:$['cloudantNoSQLDB'][0].credentials.iam_apikey_description",
      "file:/server/localdev-config.json:$.cloudant_iam_apikey_description"
    ]
  },
  "cloudant_iam_apikey_name": {
    "searchPatterns": [
      "cloudfoundry:$['cloudantNoSQLDB'][0].credentials.iam_apikey_name",
      "file:/server/localdev-config.json:$.cloudant_iam_apikey_name"
    ]
  },
  "cloudant_iam_role_crn": {
    "searchPatterns": [
      "cloudfoundry:$['cloudantNoSQLDB'][0].credentials.iam_role_crn",
      "file:/server/localdev-config.json:$.cloudant_iam_role_crn"
    ]
  },
  "cloudant_iam_serviceid_crn": {
    "searchPatterns": [
      "cloudfoundry:$['cloudantNoSQLDB'][0].credentials.iam_serviceid_crn",
      "file:/server/localdev-config.json:$.cloudant_iam_serviceid_crn"
    ]
  },
  "cloudant_url": {
    "searchPatterns": [
      "cloudfoundry:$['cloudantNoSQLDB'][0].credentials.url",
      "file:/server/localdev-config.json:$.cloudant_url"
    ]
  },
  "cloudant_username": {
    "searchPatterns": [
      "cloudfoundry:$['cloudantNoSQLDB'][0].credentials.username",
      "file:/server/localdev-config.json:$.cloudant_username"
    ]
  },
  "cloudant_serviceInfo": {
    "searchPatterns": [
      "cloudfoundry:$['cloudantNoSQLDB'][0].credentials.serviceInfo",
      "file:/server/localdev-config.json:$.cloudant_serviceInfo"
    ]
  }
}
